train_loss,train_acc,val_loss,val_acc
2.233259759166024,0.33714285714285713,1.5189470675858585,0.4114285714285714
