train_loss,train_acc,val_loss,val_acc
0.837892405186523,0.6996760597721968,0.7748115511441772,0.7271428571428571
