train_loss,train_acc,val_loss,val_acc
0.569910923763072,0.803058274408722,0.5798670950787503,0.8005015324602953
